{"cameraMode":{"drawMode":0,"name":"Shaded","section":"Shading Mode"},"sceneLighting":false,"audioPlay":false,"sceneViewState":{"m_AlwaysRefresh":false,"showFog":true,"showSkybox":false,"showFlares":true,"showImageEffects":true,"showParticleSystems":true,"showVisualEffectGraphs":true,"m_FxEnabled":true},"in2DMode":false,"pivot":{"x":0.25055742263793948,"y":2.0424256324768068,"z":-0.3683180809020996},"rotation":{"x":-0.005919397808611393,"y":-0.16326318681240083,"z":-0.0009795372607186437,"w":0.9865664839744568},"size":1.0606602430343629,"orthographic":false}