{"cameraMode":{"drawMode":0,"name":"Shaded","section":"Shading Mode"},"sceneLighting":false,"audioPlay":false,"sceneViewState":{"m_AlwaysRefresh":false,"showFog":true,"showSkybox":false,"showFlares":true,"showImageEffects":true,"showParticleSystems":true,"showVisualEffectGraphs":true,"m_FxEnabled":true},"in2DMode":false,"pivot":{"x":2.1599998474121095,"y":0.14999999105930329,"z":-2.197999954223633},"rotation":{"x":0.04098648577928543,"y":0.01009309384971857,"z":-0.0004151133180130273,"w":0.9991135001182556},"size":0.866028368473053,"orthographic":false}